{
  "barrel_distortion": {
    "k1": 0.15,
    "k2": 0.35
  },
  "camera_params": {
    "fov_x": 40.0,
    "fov_y": 23.14091682434082,
    "fx": 2637.5783226764374,
    "fy": 2637.5783597197296,
    "cx": 960.0,
    "cy": 540.0
  },
  "points_3d": [
    [
      -1.03,
      -2.22,
      2.4
    ],
    [
      -1.03,
      2.4,
      2.4
    ],
    [
      1.045,
      2.4,
      2.4
    ],
    [
      1.045,
      -2.22,
      2.4
    ]
  ],
  "points_2d": [
    {
      "x": 1670.0664782289277,
      "y": 686.3470617535683
    },
    {
      "x": 530.5143527242979,
      "y": 706.2949355649624
    },
    {
      "x": 559.0109456021514,
      "y": 226.73954414485763
    },
    {
      "x": 1631.9136279282077,
      "y": 261.1229924469049
    }
  ],
  "distances_to_camera": [
    17.001308252530986,
    16.807251787137805,
    17.744994073859427,
    17.92890360124225
  ],
  "target_volume": 7.0,
  "texture_diffuse": "textures/stones_8k/rocks_ground_01_diff_4k.jpg"
}