{
  "barrel_distortion": {
    "k1": 0.15,
    "k2": 0.35
  },
  "camera_params": {
    "fov_x": 40.0,
    "fov_y": 23.14091682434082,
    "fx": 2637.5783226764374,
    "fy": 2637.5783597197296,
    "cx": 960.0,
    "cy": 540.0
  },
  "points_3d": [
    [
      -1.03,
      -2.22,
      2.4
    ],
    [
      -1.03,
      2.4,
      2.4
    ],
    [
      1.045,
      2.4,
      2.4
    ],
    [
      1.045,
      -2.22,
      2.4
    ]
  ],
  "points_2d": [
    {
      "x": 1477.6741254135968,
      "y": 182.3108953791965
    },
    {
      "x": 1637.3535803234668,
      "y": 784.2578159442859
    },
    {
      "x": 519.3750309556228,
      "y": 794.6733749180487
    },
    {
      "x": 740.836528666703,
      "y": 147.9035510455125
    }
  ],
  "distances_to_camera": [
    12.11735373124988,
    7.738312641290475,
    7.740323592817467,
    12.11863805200098
  ],
  "target_volume": 7.0,
  "texture_diffuse": "textures/stones_8k/rocks_ground_01_diff_4k.jpg"
}