{
  "barrel_distortion": {
    "k1": 0.15,
    "k2": 0.35
  },
  "camera_params": {
    "fov_x": 40.0,
    "fov_y": 23.14091682434082,
    "fx": 2637.5783226764374,
    "fy": 2637.5783597197296,
    "cx": 960.0,
    "cy": 540.0
  },
  "points_3d": [
    [
      -1.03,
      -2.22,
      2.4
    ],
    [
      -1.03,
      2.4,
      2.4
    ],
    [
      1.045,
      2.4,
      2.4
    ],
    [
      1.045,
      -2.22,
      2.4
    ]
  ],
  "points_2d": [
    {
      "x": 1576.4830493699271,
      "y": 271.3498303264098
    },
    {
      "x": 1469.6333165908054,
      "y": 829.7412401356605
    },
    {
      "x": 548.1096722392017,
      "y": 764.7267876896019
    },
    {
      "x": 972.9855994371736,
      "y": 197.78206651819485
    }
  ],
  "distances_to_camera": [
    13.867680069948594,
    9.51733761154272,
    9.882602991830074,
    14.120859648211669
  ],
  "target_volume": 7.0,
  "texture_diffuse": "textures/stones_8k/rocks_ground_01_diff_4k.jpg"
}