{
  "barrel_distortion": {
    "k1": 0.15,
    "k2": 0.35
  },
  "camera_params": {
    "fov_x": 40.0,
    "fov_y": 23.14091682434082,
    "fx": 2637.5783226764374,
    "fy": 2637.5783597197296,
    "cx": 960.0,
    "cy": 540.0
  },
  "points_3d": [
    [
      -1.03,
      -2.22,
      2.4
    ],
    [
      -1.03,
      2.4,
      2.4
    ],
    [
      1.045,
      2.4,
      2.4
    ],
    [
      1.045,
      -2.22,
      2.4
    ]
  ],
  "points_2d": [
    {
      "x": 359.77199675516596,
      "y": 632.0191632994797
    },
    {
      "x": 931.1305073935358,
      "y": 40.26499543918064
    },
    {
      "x": 1624.3610034349208,
      "y": 143.42256279538796
    },
    {
      "x": 1564.7731003481497,
      "y": 720.9663510129649
    }
  ],
  "distances_to_camera": [
    7.358311019651493,
    11.634601100242058,
    11.383543665157251,
    6.954557115784776
  ],
  "target_volume": 7.0,
  "texture_diffuse": "textures/stones_8k/rocks_ground_01_diff_4k.jpg"
}