{
  "barrel_distortion": {
    "k1": 0.15,
    "k2": 0.35
  },
  "camera_params": {
    "fov_x": 40.0,
    "fov_y": 23.14091682434082,
    "fx": 2637.5783226764374,
    "fy": 2637.5783597197296,
    "cx": 960.0,
    "cy": 540.0
  },
  "points_3d": [
    [
      -1.03,
      -2.22,
      2.4
    ],
    [
      -1.03,
      2.4,
      2.4
    ],
    [
      1.045,
      2.4,
      2.4
    ],
    [
      1.045,
      -2.22,
      2.4
    ]
  ],
  "points_2d": [
    {
      "x": 324.26790008075056,
      "y": 278.0632832079177
    },
    {
      "x": 1438.6120197483813,
      "y": 260.0170739137516
    },
    {
      "x": 1475.439831072382,
      "y": 706.5898959592994
    },
    {
      "x": 281.38149517144075,
      "y": 693.0947916045285
    }
  ],
  "distances_to_camera": [
    17.492005695505377,
    17.383368132850283,
    16.210725234923782,
    16.327167183917503
  ],
  "target_volume": 7.0,
  "texture_diffuse": "textures/stones_8k/rocks_ground_01_diff_4k.jpg"
}