{
"points_3d": [
    [
      -1.15,
      -3.51051,
      3.84087
    ],
	[
      1.15,
      3.81688,	
      3.96948
    ],
    [
      -1.15,
      3.81688,
      3.96948
    ],
    [
      1.15,
      -3.51051,
      3.84087
    ]
  ],
  "keypoints_3d": [
    [
	  2.18524,
      -3.2426,
      3.8174
    ],
    [
	  -0.369144,
      4.00815,
      3.92827
    ],
    [
	  1.88962,
      4.0791,
      3.76513
    ],
    [
	  -0.114912,
      -3.32788,
      3.92623
    ]
  ]
}