{
"points_3d": [
    [
      -1.15,
      -2.54851,
      2.8
    ],
	[
      1.15,
      3.07888,	
      3.27262
    ],
    [
      -1.15,
      3.07888,	
      3.27262
    ],
    [
      1.15,
      -2.54851,
      2.81
    ]
  ],
  "keypoints_3d": [
    [
	  1.78822,
      -3.78586,
      5.00007
    ],
    [
	  -0.253243,
      1.89161,
      4.58807
    ],
    [
	  2.08198,
      1.78857,
      4.4414
    ],
    [
	  -0.462772,
      -3.67718,
      5.06702
    ]
  ]
}